Timestamp,Order Type,Order No,Note Type,Note
2026-06-29 14:15:56,SO,Test,Delay,Testing
2026-06-29 14:16:22,SO,Test2,Customer Note,testfj
2026-06-29 14:16:34,SO,itest45,Customer Note,goober
2026-06-29 14:23:16,PO,Refresh test,Customer Note,Test David David A Lot
2026-06-29 14:23:36,PO,test again,Customer Note,again
2026-06-29 14:28:41,PO,last,Customer Note,firest
2026-06-29 14:28:47,SO,zxc,Delay,sfdacs
2026-06-29 14:38:31,SO,david,Delay,daivd
2026-06-29 14:48:11,PO,67,Customer Note,67
2026-06-29 14:49:58,PO,test,Customer Note,h
2026-06-29 14:50:03,PO,efe,Delay,asfdasf
2026-06-29 14:50:11,SO,daf,Delay,dsfsdf
2026-06-29 14:51:26,SO,dcvzdczcdcz,Delay,acahvcahvcjhavdchjvashcvhqvcad scjhavcvasvcgasgcvac ghwvcc aghcxhc hgsavca hc a cs acasvcscyasc
